paper_id,title,year,doi,pdf_path,cluster_id
11009200.pdf,Leverage Sampling Methods and Deep Neural Networks for Fuzzer CAN Bus Message Detection,2025,,downloaded_pdfs/11009200.pdf,0
11223616.pdf,A Lightweight Detection Algorithm for Strawberry Ripeness,2025,,downloaded_pdfs/11223616.pdf,1
11303668.pdf,Multi-View Cross Attention for Guiding Surgical Planning in Rotator Cuff Repairs With Limited MRI Data,2025,,downloaded_pdfs/11303668.pdf,2
11208630.pdf,Data Extraction From Operating Room Equipment: An Engineering and Data Science Approach to General Anesthesia Monitoring,2025,,downloaded_pdfs/11208630.pdf,3
11043153.pdf,Improving the Accuracy of Indoor Object Localization in the Internet of Things Using Recurrent Neural Networks (LSTM) in,2025,,downloaded_pdfs/11043153.pdf,4
10937119.pdf,Early Detection via EEG Signals of Self-Initiated Reaching and Grasping Movements Performed With the Subject’s Selected Upper Extremity,2025,,downloaded_pdfs/10937119.pdf,5
11003084.pdf,Optimization of Heterogeneous Last-Mile Delivery of Fresh Products Considering Traffic Congestions and Other,2025,,downloaded_pdfs/11003084.pdf,6
11080001.pdf,Drone Detection Using YOLOv5 With GhostNet Backbone and Adaptive Fourier Neural Operator,2025,,downloaded_pdfs/11080001.pdf,7
11143208.pdf,Modeling and Classifying Parkinsonian Tremors With Nonlinear Dynamics and Kalman Optimization,2025,,downloaded_pdfs/11143208.pdf,8
11052247.pdf,Interpretable Learning Method Based on Causal Interactive Attention,2025,,downloaded_pdfs/11052247.pdf,9
11261665.pdf,Large Language Models Versus Static Code Analysis Tools: A Systematic Benchmark for Vulnerability Detection,2025,,downloaded_pdfs/11261665.pdf,10
11087227.pdf,A Method for Automatically Locating Defects in CCTV Inspection Data of Sewer Pipes,2025,,downloaded_pdfs/11087227.pdf,11
11000106.pdf,DeFiSentinel: AI-Enhanced Decentralized Finance Architecture With Advanced Cryptographic Smart Contracts for Data Integrity and Threat Resilience,2025,,downloaded_pdfs/11000106.pdf,12
11142872.pdf,XAI Driven Software Defect Prediction Using Adaptive Feature Engineering Coupled With Autoencoder and Multi-Layer Perceptron:,2025,,downloaded_pdfs/11142872.pdf,13
11195149.pdf,Enhanced Named Entity Recognition in Power Grid Operations: A Span-Based Approach for Chinese Dispatch Communications,2025,,downloaded_pdfs/11195149.pdf,14
11231402.pdf,Classification of Left Atrial Enlargement in Canine Radiographs Using Artificial Intelligence,2025,,downloaded_pdfs/11231402.pdf,15
11027081.pdf,A Resource-Efficient 3D U-Net for Hippocampus Segmentation Using CLAHE and SCE-3DWT Techniques,2025,,downloaded_pdfs/11027081.pdf,16
11002475.pdf,IP SafeGuard—An AI-Driven Malicious IP Detection Framework,2025,,downloaded_pdfs/11002475.pdf,17
11269807.pdf,Analysis of Maritime Loitering Patterns With Discrete AIS Sequences Using Transformer Model Reconstruction and Classification,2025,,downloaded_pdfs/11269807.pdf,18
11231322.pdf,Advancing Dynamic Flexible Job Shop Scheduling With a Real-World Dataset and Genetic Adaptive Scheduling System,2025,,downloaded_pdfs/11231322.pdf,19
11164289.pdf,Channel Sensing and Vision-Aided Distributed Beamforming for 6G Ultra-Dense Networks,2025,,downloaded_pdfs/11164289.pdf,20
11197504.pdf,"Secure and Resilient Cyberattack Detection in ICS Networks: Hybrid Encryption, Protocol Hardening, and Threat Hunting on ELECTRA",2025,,downloaded_pdfs/11197504.pdf,21
11263780.pdf,MDSNet: Localization for EV Charging Inlet With Deep Learning,2025,,downloaded_pdfs/11263780.pdf,22
10945309.pdf,Handling Sensor Faults in Hydroponics: A Deep Learning Imputation Technique for Accurate Tomato Yield Prediction,2025,,downloaded_pdfs/10945309.pdf,23
11052289.pdf,Enabling Eye Tracking for Crowd-Sourced Data Collection With Project Aria,2025,,downloaded_pdfs/11052289.pdf,24
A_High-Precision_Random_Forest-Based_Maximum_Lyapunov_Exponent_Prediction_Model_for_Spherical_Porous_Gas_Bearing_Systems.pdf,A High-Precision Random Forest–Based Maximum Lyapunov Exponent Prediction Model for Spherical,2020,,downloaded_pdfs/A_High-Precision_Random_Forest-Based_Maximum_Lyapunov_Exponent_Prediction_Model_for_Spherical_Porous_Gas_Bearing_Systems.pdf,25
11184816.pdf,BiTG4Rec: Bidirectional Transformer Graphs for Sequential-Social Recommendation,2025,,downloaded_pdfs/11184816.pdf,26
10978040.pdf,Self-Supervised Pretraining and Quantization for Fault Tolerant Neural Networks: Friend or Foe?,2025,,downloaded_pdfs/10978040.pdf,27
11175387.pdf,Dual-MAC: Hardware Acceleration of DNN Inferences With a Customized Lightweight Brain Floating-Point Format,2025,,downloaded_pdfs/11175387.pdf,28
10990145.pdf,AI Adoption for Collaboration: Factors Influencing Inclusive Learning Adoption in Higher Education,2025,,downloaded_pdfs/10990145.pdf,29
10965639.pdf,Multiscale Structural Information-Based Laplacian Generative Adversarial Network Representation Learning,2025,,downloaded_pdfs/10965639.pdf,30
11131186.pdf,Enhancing Nuclei Segmentation in Histopathology Images via Quantitative to Qualitative Transitions in Supervised and Weakly,2025,,downloaded_pdfs/11131186.pdf,31
11240103.pdf,EdgeAI-Powered Hybrid ESN-GRU Model for High-Accuracy and Efficient Short-Term Load Forecasting in Smart Grids,2025,,downloaded_pdfs/11240103.pdf,32
11059908.pdf,Performance Evaluation of Different Speech-Based Emotional Stress Level Detection Approaches,2025,,downloaded_pdfs/11059908.pdf,33
10985897.pdf,Detection of Driver Drowsiness Using Adaptive Eye Characteristic Ratio for Enhanced Road Safety,2025,,downloaded_pdfs/10985897.pdf,34
10937150.pdf,A Somatotype Classification Approach Based on Generative AI and Frontal Images of Individuals,2025,,downloaded_pdfs/10937150.pdf,35
11050370.pdf,Classifying Scam Calls Through Content Analysis With Dynamic Sparsity Top-k Attention Regularization,2025,,downloaded_pdfs/11050370.pdf,36
A_Novel_Hybrid_Kernel_Adaptive_Filtering_Algorithm_for_Nonlinear_Channel_Equalization.pdf,A Novel Hybrid Kernel Adaptive Filtering Algorithm for Nonlinear Channel Equalization,2019,,downloaded_pdfs/A_Novel_Hybrid_Kernel_Adaptive_Filtering_Algorithm_for_Nonlinear_Channel_Equalization.pdf,37
11008603.pdf,A Comprehensive Review of Blockchain and Machine Learning Integration for Peer-to-Peer Energy Trading in Smart Grids,2025,,downloaded_pdfs/11008603.pdf,38
11263858.pdf,SAM-Guided State Space Model Feature Enhance Network for Remote Sensing Segmentation,2025,,downloaded_pdfs/11263858.pdf,39
11152289.pdf,Creative Agents: Simulating the Systems Model of Creativity With Generative Agents,2025,,downloaded_pdfs/11152289.pdf,40
11119708.pdf,Robust and Privacy-Preserving Federated Learning Against Malicious Clients: A Bulyan-Based Adaptive Differential,2025,,downloaded_pdfs/11119708.pdf,41
Approximation_Algorithm_Based_Channel_Estimation_for_Massive_MIMO_Antenna_Array_Systems (1).pdf,Approximation Algorithm Based Channel Estimation for Massive MIMO Antenna Array Systems,2019,,downloaded_pdfs/Approximation_Algorithm_Based_Channel_Estimation_for_Massive_MIMO_Antenna_Array_Systems (1).pdf,42
11271653.pdf,LC-CCT: A Linear Complexity Compact Convolutional Transformer for Retinal Disease Detection in Optical Coherence Tomography,2025,,downloaded_pdfs/11271653.pdf,43
11029187.pdf,Attention-Enhanced CNN for High-Performance Deepfake Detection: A Multi-Dataset Study,2025,,downloaded_pdfs/11029187.pdf,44
Trainable_Projected_Gradient_Detector_for_Massive_Overloaded_MIMO_Channels_Data-Driven_Tuning_Approach.pdf,Trainable Projected Gradient Detector for Massive Overloaded MIMO Channels: Data-Driven Tuning Approach,2019,,downloaded_pdfs/Trainable_Projected_Gradient_Detector_for_Massive_Overloaded_MIMO_Channels_Data-Driven_Tuning_Approach.pdf,45
11263872.pdf,Drone Flight Dataset and Lightweight LSTM-Based Wind Estimation for Semi-Autonomous Quadcopter Control,2025,,downloaded_pdfs/11263872.pdf,46
11086534.pdf,Reinforcement Learning-Driven Secrecy Energy Efficiency Maximization in RIS-Enabled Communication Systems,2025,,downloaded_pdfs/11086534.pdf,47
11126023.pdf,Machine Learning for Early Detection of Phishing URLs in Parked Domains: An Approach Applied to a Financial Institution,2025,,downloaded_pdfs/11126023.pdf,48
11095684.pdf,Robust Prediction of Wildfire Spread in Australia,2025,,downloaded_pdfs/11095684.pdf,49
11088074.pdf,Research on Natural Language Misleading Content Detection Method Based on Attention Mechanism,2025,,downloaded_pdfs/11088074.pdf,50
A_Reinforcement_Learning_Model_Based_on_Temporal_Difference_Algorithm.pdf,A Reinforcement Learning Model Based on Temporal Difference Algorithm,2019,,downloaded_pdfs/A_Reinforcement_Learning_Model_Based_on_Temporal_Difference_Algorithm.pdf,51
11216340.pdf,A Correlation-Aware Feature Selection and Explainable AI Framework for Avian Influenza Outbreak Prediction,2025,,downloaded_pdfs/11216340.pdf,52
11299852.pdf,Adaptive 5G Network Slicing With Real-Time Traffic Classification and Experimental Validation,2025,,downloaded_pdfs/11299852.pdf,53
11095660.pdf,FedChallenger: A Robust Challenge-Response and Aggregation Strategy to Defend Poisoning Attacks in Federated Learning,2025,,downloaded_pdfs/11095660.pdf,54
11048579.pdf,Broken Bags: Disrupting Service Through the Contamination of Large Language Models With Misinformation,2025,,downloaded_pdfs/11048579.pdf,55
An_FRTDS_Real-Time_Simulation_Optimized_Task_Scheduling_Algorithm_Based_on_Reinforcement_Learning.pdf,An FRTDS Real-Time Simulation Optimized Task Scheduling Algorithm Based on Reinforcement Learning,2020,,downloaded_pdfs/An_FRTDS_Real-Time_Simulation_Optimized_Task_Scheduling_Algorithm_Based_on_Reinforcement_Learning.pdf,56
11142663.pdf,MOCQA: A Multi-Core Optimizer for Constrained Quadratic Assignment,2025,,downloaded_pdfs/11142663.pdf,57
11172285.pdf,Deepfake Audio Detection: A Comparative Study of Advanced Deep Learning Models,2025,,downloaded_pdfs/11172285.pdf,58
11269827.pdf,Lightweight Intelligent Detection System for Personal Protective Equipment in Laboratories of Higher Education Institutions,2025,,downloaded_pdfs/11269827.pdf,59
Machine_Learning-Based_Cellular_Traffic_Prediction_Using_Data_Reduction_Techniques.pdf,Machine Learning-Based Cellular Traffic Prediction Using Data Reduction Techniques,2024,,downloaded_pdfs/Machine_Learning-Based_Cellular_Traffic_Prediction_Using_Data_Reduction_Techniques.pdf,60
11249804.pdf,An Improved CNN for Automatic Localization of Pure Orbital Blowout Fractures in CT Images,2025,,downloaded_pdfs/11249804.pdf,61
11006723.pdf,Beyond Precision and Recall: Measuring Search Engine Consistency Using Rank Stability,2025,,downloaded_pdfs/11006723.pdf,62
11075662.pdf,Recognition of Handwritten Characters in Birch-Bark Manuscripts via Object Detection,2025,,downloaded_pdfs/11075662.pdf,63
11129105.pdf,WU-Net: An Automatic and Lightweight Deep Learning Method for Water Body Extraction of Multispectral Remote Sensing Images,2025,,downloaded_pdfs/11129105.pdf,64
10988613.pdf,"Dialogue-to-Video Retrieval via Multi-Grained Attention Network 1,2, (Senior Member, IEEE), JIWEI ZHANG",2025,,downloaded_pdfs/10988613.pdf,65
11215776.pdf,"Conditional Diffusion Models: A Survey of Techniques, Applications, and Challenges",2025,,downloaded_pdfs/11215776.pdf,66
11165362.pdf,Toward Automated Quality Control: An End-to-End Image Processing and Machine Learning Pipeline for Bullet Case,2025,,downloaded_pdfs/11165362.pdf,67
11194186.pdf,Trust at the Edge: ABAC-Secured Federated Learning for Smart Home Access Control Using,2025,,downloaded_pdfs/11194186.pdf,68
11126082.pdf,A Systematic Literature Mapping of Machine Learning for Handover Optimization in Cellular Networks,2025,,downloaded_pdfs/11126082.pdf,69
11176058.pdf,A Multimodal Deep Learning Model for Cross-Project Issue Classification,2025,,downloaded_pdfs/11176058.pdf,70
11142322.pdf,Optimization Strategies for Triple-Phase-Shift Modulation in Dual-Active-Bridge Converters: A Comprehensive Review,2025,,downloaded_pdfs/11142322.pdf,71
10969782.pdf,EEMLCR: Energy-Efficient Machine Learning-Based Clustering and Routing for Wireless Sensor Networks,2025,,downloaded_pdfs/10969782.pdf,72
10993377.pdf,LLM in the Loop: A Framework for Contextualizing Counterfactual Segment Perturbations in Point Clouds,2025,,downloaded_pdfs/10993377.pdf,73
11145436.pdf,Fuzzy Fitness Distance Balance Gradient-Based Optimization Algorithm (fFDBGBO): An Application to Design and Performance,2025,,downloaded_pdfs/11145436.pdf,74
11037441.pdf,Novel Quanvolutional Neural Network-Based COVID-19 Diagnosis From Raman Spectroscopic Signals of Human Serum,2025,,downloaded_pdfs/11037441.pdf,75
11009189.pdf,"AI-Enhanced Threat Intelligence in Remote Patient Monitoring Systems: A Survey on Recent Advances, Challenges and Future Research",2025,,downloaded_pdfs/11009189.pdf,76
Demand_Response_Management_for_Industrial_Facilities_A_Deep_Reinforcement_Learning_Approach.pdf,Demand Response Management for Industrial Facilities: A Deep Reinforcement Learning Approach,2019,,downloaded_pdfs/Demand_Response_Management_for_Industrial_Facilities_A_Deep_Reinforcement_Learning_Approach.pdf,77
11216391.pdf,Feature-Based EEG Classification: A Comparative Study of EMD and EWT With EEGNet and Shallow FBCSP ConvNet,2025,,downloaded_pdfs/11216391.pdf,78
11005976.pdf,A New Hybrid PSO-HHO Wrapper Based Optimization for Feature Selection,2025,,downloaded_pdfs/11005976.pdf,79
11006644.pdf,Interpersonal Relationship Detection Using Multi-Head Graph Attention Networks With Multi-Feature Fusion,2025,,downloaded_pdfs/11006644.pdf,80
11088115.pdf,Data-Centric Fine-Tuning of Small Language Models for Automatic Extraction of Technical Requirements,2025,,downloaded_pdfs/11088115.pdf,81
Electromagnetic_Signal_Classification_Based_on_Deep_Sparse_Capsule_Networks.pdf,Electromagnetic Signal Classification Based on Deep Sparse Capsule Networks,2019,,downloaded_pdfs/Electromagnetic_Signal_Classification_Based_on_Deep_Sparse_Capsule_Networks.pdf,82
11121842.pdf,Deep Reinforcement Learning Agents With Collective Situational Awareness for Beyond Visual Range Air Combat,2025,,downloaded_pdfs/11121842.pdf,83
11028107.pdf,A Comprehensive Review of the Main Heavyweight and Lightweight SDLC for Big Data Analytics Systems (BDAS),2025,,downloaded_pdfs/11028107.pdf,84
10975014.pdf,Intent-Based Multi-Cloud Storage Management Powered by a Fine-Tuned Large Language Model,2025,,downloaded_pdfs/10975014.pdf,85
11052242.pdf,AEMS: Adaptive Ensemble GNNs for Multibehavior Stream Recommendation,2025,,downloaded_pdfs/11052242.pdf,86
10975059.pdf,"FedHSP: A Robust Federated Learning Framework Coherently Addressing Heterogeneity, Security, and Performance Challenges",2025,,downloaded_pdfs/10975059.pdf,87
11106480.pdf,Comprehensive Evaluation of Techniques for Intelligent Chatter Detection in Micro-Milling Processes,2025,,downloaded_pdfs/11106480.pdf,88
11145026.pdf,Utilizing rPPG Signal Synchronization and Deep Learning Techniques for Deepfake Video Detection,2025,,downloaded_pdfs/11145026.pdf,89
11006039.pdf,"Edge Intelligence in Enhancing Last-Mile Delivery Logistics Research, Development and Innovation Center of the Military Academy (CINAMIL), Portuguese Military Academy, 1169-203 Lisbon, Portugal",2025,,downloaded_pdfs/11006039.pdf,90
10988545.pdf,Compressing Neural Networks on Limited Computing Resources,2025,,downloaded_pdfs/10988545.pdf,91
10981787.pdf,Reinforcement Learning-Driven Hunter-Prey Algorithm Applied to 3D Underwater Sensor Network Coverage Optimization,2025,,downloaded_pdfs/10981787.pdf,92
11068947.pdf,H-ConvLSTM to Estimate Reference Evapotranspiration From Air Temperature and Relative Humidity,2025,,downloaded_pdfs/11068947.pdf,93
11164907.pdf,DBP-YOLO: A Dynamic Bifurcated-Path Fusion Network for Weld Seam Defect Detection,2025,,downloaded_pdfs/11164907.pdf,94
11072348.pdf,LegalMind: Agentic AI-Driven Process Optimization and Cost Reduction in Legal Services Using DeepSeek,2025,,downloaded_pdfs/11072348.pdf,95
11123799.pdf,Hierarchical Reinforcement Learning for Navigation Among Movable and Immovable Obstacles,2025,,downloaded_pdfs/11123799.pdf,96
11000112.pdf,Key Factors Influencing Preservice Chinese Teachers’ Willingness for Implementing AI Applications in Higher Education,2025,,downloaded_pdfs/11000112.pdf,97
11206340.pdf,A Systematic Literature Review on Few-Shot Image Classification,2025,,downloaded_pdfs/11206340.pdf,98
11215722.pdf,Sentiment Analysis of YouTube Educational Videos: Correlation Between Educators’ and Students’ Sentiments,2025,,downloaded_pdfs/11215722.pdf,99
11021592.pdf,Adjusting Xception Neural Network by Improved Human Evolutionary Optimizer for Fine Art,2025,,downloaded_pdfs/11021592.pdf,100
10945320.pdf,Generating Automatically Print/Scan Textures for Morphing Attack Detection Applications,2025,,downloaded_pdfs/10945320.pdf,101
11068995.pdf,Unpacking Youth Privacy Management in AI Systems: A Privacy Calculus Model Analysis,2025,,downloaded_pdfs/11068995.pdf,102
GPU_Accelerated_Polar_Harmonic_Transforms_for_Feature_Extraction_in_ITS_Applications.pdf,GPU Accelerated Polar Harmonic Transforms for Feature Extraction in ITS Applications,2020,,downloaded_pdfs/GPU_Accelerated_Polar_Harmonic_Transforms_for_Feature_Extraction_in_ITS_Applications.pdf,103
11078242.pdf,A Novel Picture Fuzzy Similarity Measure: Theory and Practical Applications,2025,,downloaded_pdfs/11078242.pdf,104
Artificial_Intelligence-Empowered_Path_Selection_A_Survey_of_Ant_Colony_Optimization_for_Static_and_Mobile_Sensor_Networks.pdf,Artificial Intelligence-Empowered Path Selection: A Survey of Ant Colony Optimization for Static and Mobile Sensor Networks,2020,,downloaded_pdfs/Artificial_Intelligence-Empowered_Path_Selection_A_Survey_of_Ant_Colony_Optimization_for_Static_and_Mobile_Sensor_Networks.pdf,105
11145787.pdf,Analysis of Ansätze Expressibility and Complexity and Their Impact on Classification Accuracy Using QNN and QLSTM,2025,,downloaded_pdfs/11145787.pdf,106
10960445.pdf,CLS-3D: Content-Wise LiDAR-Camera Fusion and Slot Reweighting Transformer for 3D Object Detection in Autonomous Vehicles,2025,,downloaded_pdfs/10960445.pdf,107
11091314.pdf,Domain Generalization and Domain Adaptation Approaches for Face Anti-Spoofing: A Survey,2025,,downloaded_pdfs/11091314.pdf,108
11195089.pdf,A Comprehensive Survey of Path Planning Algorithms for Autonomous Systems and Mobile Robots: Traditional and Modern Approaches,2025,,downloaded_pdfs/11195089.pdf,109
10973062.pdf,fProcessor: NonIntrusive and On-the-Fly File Data Preprocessing Using eBPF,2025,,downloaded_pdfs/10973062.pdf,110
11145066.pdf,Improving Software Fault Prediction With a Hybrid DE-WOA Optimizer and ANFIS-Enhanced Ensemble Learning,2025,,downloaded_pdfs/11145066.pdf,111
11271272.pdf,An In-Context LLM for PV-BESS Operations: Adaptive Day-Ahead Strategy Recommendation for Economic Optimization,2025,,downloaded_pdfs/11271272.pdf,112
11058929.pdf,Decentralized Voltage and Var Control of Active Distribution Network Based on Parameter-Sharing Deep,2025,,downloaded_pdfs/11058929.pdf,113
11126076.pdf,Deep Learning-Based Models for Paddy Disease Classification and Segmentation: An Experimental Review,2025,,downloaded_pdfs/11126076.pdf,114
10937120.pdf,Evaluating ORB and SIFT With Neural Network as Alternatives to CNN for Traffic Classification in SDN Environments,2025,,downloaded_pdfs/10937120.pdf,115
11096604.pdf,Refining Software Clustering: The Impact of Code Co-Changes on Architectural Reconstruction,2025,,downloaded_pdfs/11096604.pdf,116
11077138.pdf,Distinctive Contribution of Sound Spectral Features in Enhancing Vibration-Based Multi-Component Fault Classification Under,2025,,downloaded_pdfs/11077138.pdf,117
Fractional-Order_Modeling_and_Analysis_of_a_Three-Phase_Voltage_Source_PWM_Rectifier.pdf,Fractional-Order Modeling and Analysis of a Three-Phase Voltage Source PWM Rectifier,2019,,downloaded_pdfs/Fractional-Order_Modeling_and_Analysis_of_a_Three-Phase_Voltage_Source_PWM_Rectifier.pdf,118
11123437.pdf,Patient-Specific Digital Twins for Personalized Healthcare: A Hybrid AI and Simulation-Based,2025,,downloaded_pdfs/11123437.pdf,119
10966862.pdf,FML-Swin: An Improved Swin Transformer Segmentor for Remote Sensing Images,2025,,downloaded_pdfs/10966862.pdf,120
11017637.pdf,AirQuaNet: A Convolutional Neural Network Model With Multi-Scale Feature Learning and Attention Mechanisms for Air Quality-Based,2025,,downloaded_pdfs/11017637.pdf,121
11269812.pdf,A Real-Time Implementation and Validation of Federated Learning for Grid Services,2025,,downloaded_pdfs/11269812.pdf,122
11075778.pdf,"Bio-Inspired Fine-Tuning for Selective Transfer Learning in Image Classification 1, (Member, IEEE), JACINTO COLAN",2025,,downloaded_pdfs/11075778.pdf,123
Evaluation_of_Machine_Learnable_Bandwidth_Allocation_Strategy_for_User_Cooperative_Traffic_Forwarding.pdf,Evaluation of Machine Learnable Bandwidth Allocation Strategy for User Cooperative Traffic Forwarding,2019,,downloaded_pdfs/Evaluation_of_Machine_Learnable_Bandwidth_Allocation_Strategy_for_User_Cooperative_Traffic_Forwarding.pdf,124
11180942.pdf,APAROS: A Clustering-Based Hybrid Approach for Handling Overlapped Regions in Imbalanced Datasets,2025,,downloaded_pdfs/11180942.pdf,125
11224546.pdf,Transient Stability Prediction Method for Power Systems Based on Spatiotemporal Feature Fusion,2025,,downloaded_pdfs/11224546.pdf,126
11195085.pdf,Semantic Approaches to Microservice Identification: A Systematic Literature Review,2025,,downloaded_pdfs/11195085.pdf,127
Scalable_Distribution_Systems_State_Estimation_Using_Long_Short-Term_Memory_Networks_as_Surrogates.pdf,Scalable Distribution Systems State Estimation Using Long Short-Term Memory Networks as,2019,,downloaded_pdfs/Scalable_Distribution_Systems_State_Estimation_Using_Long_Short-Term_Memory_Networks_as_Surrogates.pdf,128
11240138.pdf,Skeleton-Based Approach for On-the-Ball Player Identification on Broadcast Soccer Videos,2025,,downloaded_pdfs/11240138.pdf,129
11048484.pdf,Trajectory-Based Road Autolabeling With Lidar-Camera Fusion in Winter Conditions,2025,,downloaded_pdfs/11048484.pdf,130
10977841.pdf,Explainable Machine Learning for Radio Environment Mapping: An Intelligent System for Electric Field Strength Monitoring,2025,,downloaded_pdfs/10977841.pdf,131
11062817.pdf,A Robust Deep Learning Framework for Mitigating Label Noise With Dual Selective,2025,,downloaded_pdfs/11062817.pdf,132
11269756.pdf,Impact of Inverter Controls in Small-Signal Stability of Power Systems Dominated by Inverter-Based Resources,2025,,downloaded_pdfs/11269756.pdf,133
11237120.pdf,An Affordance Perspective on Generative AI in Enterprise Architecture,2025,,downloaded_pdfs/11237120.pdf,134
Comprehensive_Evaluation_and_Insights_Into_the_Use_of_Large_Language_Models_in_the_Automation_of_Behavior-Driven_Development_Acceptance_Test_Formulation.pdf,Comprehensive Evaluation and Insights Into the Use of Large Language Models in the Automation of Behavior-Driven,2024,,downloaded_pdfs/Comprehensive_Evaluation_and_Insights_Into_the_Use_of_Large_Language_Models_in_the_Automation_of_Behavior-Driven_Development_Acceptance_Test_Formulation.pdf,135
11072672.pdf,Bridging Language Barriers in Coding: An NLP-Powered Tool for Programming Education in Regional Languages,2025,,downloaded_pdfs/11072672.pdf,136
11037528.pdf,Application of Online Semi-Supervised Learning Embedded With Chaotic Dynamics in Equipment Health Prognostics,2025,,downloaded_pdfs/11037528.pdf,137
Voltage_Var_Control_for_Hybrid_Distribution_Networks_Using_Decomposition-Based_Multiobjective_Evolutionary_Algorithm.pdf,Voltage/Var Control for Hybrid Distribution Networks Using Decomposition-Based Multiobjective Evolutionary Algorithm,2019,,downloaded_pdfs/Voltage_Var_Control_for_Hybrid_Distribution_Networks_Using_Decomposition-Based_Multiobjective_Evolutionary_Algorithm.pdf,138
11114944.pdf,Integrated Reliability Assessment and Optimal Reconfiguration of Islanded Microgrids Under Load Growth Using Fick’s Law Optimization,2025,,downloaded_pdfs/11114944.pdf,139
11155089.pdf,Optimized DenseNet121 and Quantum PennyLane Fusion for Explainable Skin Disease Recognition and Classification,2025,,downloaded_pdfs/11155089.pdf,140
11003913.pdf,LDDFSF-YOLO11: A Lightweight Insulator Defect Detection Method Focusing on Small-Sized Features,2025,,downloaded_pdfs/11003913.pdf,141
Multiple_Fingerprints-Based_Indoor_Localization_via_GBDT_Subspace_and_RSSI.pdf,Multiple Fingerprints-Based Indoor Localization via GBDT: Subspace and RSSI,2019,,downloaded_pdfs/Multiple_Fingerprints-Based_Indoor_Localization_via_GBDT_Subspace_and_RSSI.pdf,142
11184517.pdf,Intelligent Load Frequency Control for Hybrid System With Renewable Integration,2025,,downloaded_pdfs/11184517.pdf,143
11303074.pdf,DIMformer: A Dynamic Inverted Transformer With Mamba-Cross-Variable Linear Attention for Multivariate Time Series Forecasting,2025,,downloaded_pdfs/11303074.pdf,144
11202749.pdf,Iterative Misclassification Error Training (IMET): An Optimized Neural Network Training Technique for Image Classification,2025,,downloaded_pdfs/11202749.pdf,145
11264446.pdf,CNN Augmented Dimensionality Reduction With Neural Network Ensembles for Low Resource Data Classification,2025,,downloaded_pdfs/11264446.pdf,146
11075650.pdf,Federated Deep Learning for Scalable and Explainable Load Forecasting in Privacy-Conscious Smart Cities,2025,,downloaded_pdfs/11075650.pdf,147
11021563.pdf,Task Specific Signal Transformation,2025,,downloaded_pdfs/11021563.pdf,148
10960349.pdf,Ship-DETR: A Transformer-Based Model for Efficient Ship Detection in Complex Maritime Environments,2025,,downloaded_pdfs/10960349.pdf,149
10965626.pdf,An Explainable AI and Optimized Multi-Branch Convolutional Neural Network Model for Eye Anemia Diagnosis,2025,,downloaded_pdfs/10965626.pdf,150
11199322.pdf,"Artificial Intelligence for Speech Classification and Enhancement of Speech and Language Disorders: Techniques, Applications, and Future",2025,,downloaded_pdfs/11199322.pdf,151
11105384.pdf,The Application of Digital Twin Technology in the Evaluation of Environmental Design Solutions,2025,,downloaded_pdfs/11105384.pdf,152
11030589.pdf,End-to-End Design of Webtoon-Style Portrait Stylization System for Real-World Demo Booth,2025,,downloaded_pdfs/11030589.pdf,153
11152062.pdf,HiMSELF: A Hierarchical Misbehavior Classification With Sequence Embedding by Latent Features in Vehicular,2025,,downloaded_pdfs/11152062.pdf,154
11015430.pdf,"A Comprehensive Review on ISAC for 6G: Enabling Technologies, Security, and AI/ML Perspectives",2025,,downloaded_pdfs/11015430.pdf,155
11058976.pdf,Enhancing Healthcare With WBAN and Digital Twins: A Machine Learning Approach for Predictive Health Monitoring,2025,,downloaded_pdfs/11058976.pdf,156
11113242.pdf,A Comparative Study of Deep Learning Semantic Segmentation Models for Kidney Segmentation in Ultrasound Images Using the Open Kidney,2025,,downloaded_pdfs/11113242.pdf,157
10945326.pdf,Spatio-Temporal Analysis of Urban Leisure Consumption Activities Based on Autoencoder and Multi-Source Data: A Case Study of,2025,,downloaded_pdfs/10945326.pdf,158
11230347.pdf,Police Officers’ Adoption of Generative Artificial Intelligence in Law Enforcement Practice: Insights From the Theory of Planned Behavior,2025,,downloaded_pdfs/11230347.pdf,159
10965637.pdf,A Design Framework for Scalable and Adaptive Multi-Agent Coordination in Dynamic Environments: Addressing Concurrent,2025,,downloaded_pdfs/10965637.pdf,160
10975753.pdf,DCT-DiffPose: A Lightweight Diffusion Model With Multi-Hypothesis for 3D Human Pose Estimation,2025,,downloaded_pdfs/10975753.pdf,161
11130473.pdf,LFCNet: Deep Learning-Based LiDAR-Fisheye Camera Online Automatic Targetless Extrinsic Calibration,2025,,downloaded_pdfs/11130473.pdf,162
11155040.pdf,Context-Aware Gaussian Process for Physics-Informed Reinforcement Learning With Heterogeneous Data,2025,,downloaded_pdfs/11155040.pdf,163
11020645.pdf,Method for Building a Community-Oriented Agent With a Dialogue Ability Adapted to the Community,2025,,downloaded_pdfs/11020645.pdf,164
11098791.pdf,Knowledge Graph Representation of Felder-Silverman Learning Style Model for Computing Education,2025,,downloaded_pdfs/11098791.pdf,165
11172672.pdf,Understanding Viewers’ Attitudes Toward Virtual Streamers: A Systematic Review,2025,,downloaded_pdfs/11172672.pdf,166
11240093.pdf,A Targeted Machine Unlearning Method for Sensitive Data in Military Helicopter Models,2025,,downloaded_pdfs/11240093.pdf,167
11007017.pdf,Alpha-Backpropagation Algorithm: Probability Estimation for One-Hot and Quasi-One-Hot,2025,,downloaded_pdfs/11007017.pdf,168
10979810.pdf,A Comprehensive Comparative Analysis of Deep Learning Models for Student Performance Prediction in Virtual Learning Environments:,2025,,downloaded_pdfs/10979810.pdf,169
11021495.pdf,MaOEA-PGTS: A Probabilistic Flow-Guided Two-Stage Strategy for Many-Objective Optimization,2025,,downloaded_pdfs/11021495.pdf,170
11058691.pdf,A Systematic Literature Review on Large Language Models Applications in Computer Programming Teaching Evaluation Process,2025,,downloaded_pdfs/11058691.pdf,171
11153946.pdf,Classification of Psoriasis Using Vision Transformer: A Deep Learning-Based,2025,,downloaded_pdfs/11153946.pdf,172
10945827.pdf,Modern Deep Learning Techniques for Big Medical Data Processing in Cloud,2025,,downloaded_pdfs/10945827.pdf,173
11031436.pdf,Hybrid SARIMA+BO-LSTM Framework for Forecasting EV Adoption: A Road to Net-Zero in Ireland,2025,,downloaded_pdfs/11031436.pdf,174
10978853.pdf,Chinese Image Captioning Based on Deep Fusion Feature and Multi-Layer Feature Filtering Block,2025,,downloaded_pdfs/10978853.pdf,175
11159208.pdf,Adaptive Fuzzy Tracking Switching Control for Unknown Nonstrict-Feedback Nonlinear Systems,2025,,downloaded_pdfs/11159208.pdf,176
11196757.pdf,KingdomGlimpses: Evaluating Saudi Cultural Representation Through Text-to-Image Models,2025,,downloaded_pdfs/11196757.pdf,177
11031414.pdf,"Evaluating the Impact of Feature Engineering in Phishing URL Detection: A Comparative Study of URL, HTML, and Derived Features",2025,,downloaded_pdfs/11031414.pdf,178
10946107.pdf,Land-Cover Semantic Segmentation for Very-High-Resolution Remote Sensing Imagery Using Deep Transfer Learning,2025,,downloaded_pdfs/10946107.pdf,179
11168239.pdf,AI Versus IoT Security: Fingerprinting and Defenses Against TLS Handshake-Based IoT Device Classification,2025,,downloaded_pdfs/11168239.pdf,180
Learning_to_Decode_Polar_Codes_With_One-Bit_Quantizer.pdf,"Learning to Decode Polar Codes With One-Bit Quantizer , (Student Member, IEEE), KAI NIU",2020,,downloaded_pdfs/Learning_to_Decode_Polar_Codes_With_One-Bit_Quantizer.pdf,181
11005977.pdf,Force Control of SMA Springs Using RNNs,2025,,downloaded_pdfs/11005977.pdf,182
11184117.pdf,Multimodal Fine-Tuning of LLMs for Robust Document Visual Question Answering,2025,,downloaded_pdfs/11184117.pdf,183
11091304.pdf,"Accelerated ElasticTrainer With Elastic Layer , (Graduate Student Member, IEEE), AND HYUNGSHIN KIM , (Member, IEEE)",2025,,downloaded_pdfs/11091304.pdf,184
11196756.pdf,A High-Performance Deep-Learning-Based Ground Penetrating Radar Classification Approach With Special Focus on,2025,,downloaded_pdfs/11196756.pdf,185
10960677.pdf,A Hierarchical Path Planning Approach Using Waypoint Visibility-Based Target Planner,2025,,downloaded_pdfs/10960677.pdf,186
11206323.pdf,"A Survey of Generative Adversarial Networks for Satellite Imagery: Applications, Image Types, Tasks, and Challenges",2025,,downloaded_pdfs/11206323.pdf,187
11015970.pdf,TIER: Temporal Convolutional Network Information Extractor With Conditional Random Field,2025,,downloaded_pdfs/11015970.pdf,188
11142719.pdf,Lightweight Load Identification Based on Fusion of Electrical Signal Image Features,2025,,downloaded_pdfs/11142719.pdf,189
11146737.pdf,KAN-MID: A Kolmogorov-Arnold Networks-Based Framework for Malicious URL and Intrusion Detection in IoT Systems,2025,,downloaded_pdfs/11146737.pdf,190
10962215.pdf,Semantic Fusion-Oriented Bi-Typed Multi-Relational Heterogeneous Graph Neural Network,2025,,downloaded_pdfs/10962215.pdf,191
11159199.pdf,Study on the Path Optimization Method of Autonomous Navigation of Uncrewed Aerial Vehicles Integrating Multi-Sensor Data,2025,,downloaded_pdfs/11159199.pdf,192
11072174.pdf,Probabilistic Principal Component Analysis and Channel Attention for End-to-End Image Compression Optimization,2025,,downloaded_pdfs/11072174.pdf,193
11009015.pdf,PPFL-DCS: Privacy-Preserving Federated Learning Using Neural Transformer and Leveraging Dynamic Client Selection to Accommodate,2025,,downloaded_pdfs/11009015.pdf,194
11129040.pdf,Leveraging Gradient Noise for Detection and Filtering of Byzantine Clients,2025,,downloaded_pdfs/11129040.pdf,195
11134415.pdf,Explainable Document Classification via Concept Whitening and Stable Graph Patterns,2025,,downloaded_pdfs/11134415.pdf,196
11299636.pdf,Joint Approach for Intelligent Spectrum Sharing and Pilot Attack Contamination Detection for Massive MIMO Using SAEEARN,2025,,downloaded_pdfs/11299636.pdf,197
10978019.pdf,Prognostic Survival Analysis for AD Diagnosis and Progression Using MRI Data: An AI-Based,2025,,downloaded_pdfs/10978019.pdf,198
11036755.pdf,Comprehensive Review of Intrusion Detection Techniques: ML and DL in Different Networks,2025,,downloaded_pdfs/11036755.pdf,199
10942605.pdf,"State-of-the-Art in Responsible, Explainable, and Fair AI for Medical Image Analysis",2025,,downloaded_pdfs/10942605.pdf,200
11005473.pdf,Defect Detection Algorithm for Electrical Substation Equipment Based on Improved YOLOv10n,2025,,downloaded_pdfs/11005473.pdf,201
11077164.pdf,MetaForecaster: A PSO-Driven Neural Model for Sustainable Industrial Air Quality Management,2025,,downloaded_pdfs/11077164.pdf,202
11050422.pdf,Depth-Guided Monocular Object Pose Estimation for Warehouse Automation,2025,,downloaded_pdfs/11050422.pdf,203
11119500.pdf,Leveraging Mobile Processors for ISAR Image Generation and Classification in Radar Platforms,2025,,downloaded_pdfs/11119500.pdf,204
11021624.pdf,A Comprehensive Survey on Integrated Photonic Switch Fabrics: From Device to Network Topology and Controller Design,2025,,downloaded_pdfs/11021624.pdf,205
11005974.pdf,Siamese Denoising Autoencoders for Enhancing Adversarial Robustness in Medical Image Analysis,2025,,downloaded_pdfs/11005974.pdf,206
11006638.pdf,C2IDTL: Novel Click to Image Conversion Approach for Deep Transfer Learning in Click Fraud Detection on Digital Platforms,2025,,downloaded_pdfs/11006638.pdf,207
10965652.pdf,Semantic Segmentation of Assembly Images Combining Deep Learning and Ontological,2025,,downloaded_pdfs/10965652.pdf,208
11214362.pdf,Machine Learning and Multivariate Analysis of Depression Prevalence and Predictors in Acute Coronary Syndrome,2025,,downloaded_pdfs/11214362.pdf,209
11232475.pdf,Affective Computing Emotional Body Gesture Recognition: Evolution and the Cream of the Crop,2025,,downloaded_pdfs/11232475.pdf,210
Wind_Power_Prediction_of_Kernel_Extreme_Learning_Machine_Based_on_Differential_Evolution_Algorithm_and_Cross_Validation_Algorithm.pdf,Wind Power Prediction of Kernel Extreme Learning Machine Based on Differential Evolution Algorithm and Cross Validation Algorithm,2020,,downloaded_pdfs/Wind_Power_Prediction_of_Kernel_Extreme_Learning_Machine_Based_on_Differential_Evolution_Algorithm_and_Cross_Validation_Algorithm.pdf,211
11162531.pdf,Performance Evaluation and Rectification of Prosthetic Sockets: A Machine Learning Approach Using Wearable Sensors,2025,,downloaded_pdfs/11162531.pdf,212
11193758.pdf,A Recent Survey of Vision Transformers for Medical Image Segmentation,2025,,downloaded_pdfs/11193758.pdf,213
11129056.pdf,"Exploring the Landscape of End User Energy Flexibility: A Systematic Review of Technologies, Challenges, and Opportunities",2025,,downloaded_pdfs/11129056.pdf,214
11078245.pdf,MixLVMM: A Mixture of Lightweight Vision Mamba Model for Enhancing Skin Lesion Segmentation Across High Tone Variability,2025,,downloaded_pdfs/11078245.pdf,215
11015701.pdf,"A Robust Pilot Decontamination Scheme in Massive MIMO Systems: Integrating Rateless Orthogonal STBC, Weighted Graph Coloring,",2025,,downloaded_pdfs/11015701.pdf,216
11005530.pdf,Bayesian Deep Learning Meets Self-Attention: A Risk-Aware Approach to Advertisement Optimization,2025,,downloaded_pdfs/11005530.pdf,217
11205347.pdf,FME-GCN: A Multi-Source Heterogeneous Data Fusion Approach for High-Accuracy Traffic Flow Prediction,2025,,downloaded_pdfs/11205347.pdf,218
11148491.pdf,Hydrothermal Air-Conditioner Optimal Control Scheduler Using Random Forest-Gradient Boosting Hybrid Model and Genetic Algorithm,2025,,downloaded_pdfs/11148491.pdf,219
11079552.pdf,"Continual Learning With Neuromorphic Computing: Foundations, Methods, and Emerging Applications",2025,,downloaded_pdfs/11079552.pdf,220
11006989.pdf,FA-FENet: A Feature Attention Front-End Network Based on a Lightweight CNN Architecture for Recognizing Abnormal,2025,,downloaded_pdfs/11006989.pdf,221
10935610.pdf,Advanced Biosignal-RGB Fusion With Adaptive Neurofuzzy Classification for High-Precision Action Recognition,2025,,downloaded_pdfs/10935610.pdf,222
11028129.pdf,Assessing the Fidelity and Utility of Water Systems Data Using Generative Adversarial Networks: A Technical Review,2025,,downloaded_pdfs/11028129.pdf,223
10943133.pdf,CAFU-Net: A Context-Aware Feature Aggregation Network for Lung Nodule Segmentation,2025,,downloaded_pdfs/10943133.pdf,224
11261640.pdf,A Comprehensive Review of Wireless Power Transfer Techniques for Electric Vehicle Charging,2025,,downloaded_pdfs/11261640.pdf,225
11009145.pdf,"Speech Translation From Darija to Classical Arabic: Performance Analysis of Whisper, SeamlessM4T, and S2T Models",2025,,downloaded_pdfs/11009145.pdf,226
11005978.pdf,A Case Study of 3rd Party Hardware: The Weakest Link in Google’s Trustworthy Artificial Intelligence Implementation,2025,,downloaded_pdfs/11005978.pdf,227
11151299.pdf,Dynamic Swin Transformer With Early Exit for Efficient Quality Defect Detection in Power Distribution Network,2025,,downloaded_pdfs/11151299.pdf,228
Design_and_Evaluation_of_an_Authentication_Framework_for_Wearable_Devices.pdf,Design and Evaluation of an Authentication Framework for Wearable Devices,2020,,downloaded_pdfs/Design_and_Evaluation_of_an_Authentication_Framework_for_Wearable_Devices.pdf,229
11036096.pdf,ICP Enhancement Algorithm for 6D Pose Tracking of Household Objects,2025,,downloaded_pdfs/11036096.pdf,230
11014074.pdf,A Physics-Informed Machine Learning Framework for Permafrost Stability Assessment,2025,,downloaded_pdfs/11014074.pdf,231
11197470.pdf,"A Comprehensive Survey on Advanced Data Science Platforms for Cyber-Physical Systems, Digital Twins, and Robotics",2025,,downloaded_pdfs/11197470.pdf,232
10988773.pdf,Accelerated Prediction of Terahertz Performance Metrics in GaN IMPATT Sources via Artificial Neural Networks,2025,,downloaded_pdfs/10988773.pdf,233
LFM_Signal_Analysis_Based_on_Improved_Lv_Distribution.pdf,LFM Signal Analysis Based on Improved Lv Distribution,2019,,downloaded_pdfs/LFM_Signal_Analysis_Based_on_Improved_Lv_Distribution.pdf,234
11271465.pdf,MSFFNet: A Multispectral Semantic Segmentation Network With Multi-Scale Feature Fusion for Remote Sensing Images,2025,,downloaded_pdfs/11271465.pdf,235
11062617.pdf,"Unraveling the Nexus of ML and 6G: Challenges, Opportunities, and Future Directions",2025,,downloaded_pdfs/11062617.pdf,236
11053802.pdf,DDoS Attack Detection in IoT: A Comparative Resource and Performance Analysis of Deep Learning and Machine Learning Models,2025,,downloaded_pdfs/11053802.pdf,237
11113244.pdf,SAFH-Net: A Hybrid Network With Shuffle Attention and Adaptive Feature Fusion for Enhanced Retinal Vessel Segmentation,2025,,downloaded_pdfs/11113244.pdf,238
11270847.pdf,Mechanisms of Generative Image-to-Image Translation Networks,2025,,downloaded_pdfs/11270847.pdf,239
11242150.pdf,Optimizing Intrusion Detection in Software-Defined Networks Through Automated Machine Learning and Intelligent Feature,2025,,downloaded_pdfs/11242150.pdf,240
11164293.pdf,"Acoustic Sensing for Contactless Health Monitoring: Technologies, Algorithms, and Emerging Applications",2025,,downloaded_pdfs/11164293.pdf,241
11124838.pdf,Advancing Generalization in Deepfake Detection: Supervised Contrastive Representation Learning With Dual Stream Spatio-Temporal Features,2025,,downloaded_pdfs/11124838.pdf,242
11301689.pdf,Continuous-Time Quantum Walk on Biological Network,2025,,downloaded_pdfs/11301689.pdf,243
10994766.pdf,Syntactic-Guided Chain of Thought for Iterative Implicit and Explicit Target Detection in Aspect-Based Sentiment Analysis,2025,,downloaded_pdfs/10994766.pdf,244
10962238.pdf,SalsaNext+: A Multimodal-Based Point Cloud Semantic Segmentation With Range and RGB Images,2025,,downloaded_pdfs/10962238.pdf,245
10966846.pdf,Toward a Better Understanding of IoT Domain Names: A Study of IoT Backend,2025,,downloaded_pdfs/10966846.pdf,246
11298167.pdf,"Advances in Deep Visual Intelligence: A Review of High-Performing Models, Hybrid Architectures, and Regional Perspectives in Medicinal",2025,,downloaded_pdfs/11298167.pdf,247
11007556.pdf,Early In-Hospital Mortality Prediction Based on xTimesNet and Time Series Interpretable,2025,,downloaded_pdfs/11007556.pdf,248
11015481.pdf,Adaptive Optimizable Gaussian Process Regression Linear Least Squares Regression Filtering Method for SEM Images,2025,,downloaded_pdfs/11015481.pdf,249
11203915.pdf,Factors Influencing Users’ Behavioral Intention Toward Adoption of Teleconsultation Technology: A Combined TAM-BRT Approach,2025,,downloaded_pdfs/11203915.pdf,250
Modeling_and_Analysis_of_Incorrect_Actions_of_Relay_Protection_Systems_Based_on_Fault_Trees.pdf,Modeling and Analysis of Incorrect Actions of Relay Protection Systems Based on Fault Trees,2020,,downloaded_pdfs/Modeling_and_Analysis_of_Incorrect_Actions_of_Relay_Protection_Systems_Based_on_Fault_Trees.pdf,251
10947041.pdf,OPTICALS: A Novel Framework for Optimizing Predictive Trading Indicators in Cryptocurrency Using Advanced Learning Simulations,2025,,downloaded_pdfs/10947041.pdf,252
10960390.pdf,Learning the Hit-or-Miss Transform-Based Morphological Neural Networks,2025,,downloaded_pdfs/10960390.pdf,253
Digital_Twin-Driven_Health_Management_in_Microgrids.pdf,Digital Twin-Driven Health Management in Microgrids,2025,,downloaded_pdfs/Digital_Twin-Driven_Health_Management_in_Microgrids.pdf,254
11020673.pdf,Embedded Anchors Coupled Low-Rank Tensor Learning for Multi-View Intrinsic Subspace,2025,,downloaded_pdfs/11020673.pdf,255
11180053.pdf,Synthetic Social Engineering Scenario Generation Using LLMs for Awareness-Based Attack Resilience,2025,,downloaded_pdfs/11180053.pdf,256
11091277.pdf,AI-Driven Detection of Alkali-Silica Reaction in Concrete Structures Using Feature-Enhanced Deep Learning Models,2025,,downloaded_pdfs/11091277.pdf,257
11077162.pdf,An RIS-Assisted Integrated Deep Learning Framework for MIMO-OFDM-IM,2025,,downloaded_pdfs/11077162.pdf,258
11259048.pdf,On-Device Intent Reasoning for Smart Home Agents via Ontology-Augmented sLLMs,2025,,downloaded_pdfs/11259048.pdf,259
11028073.pdf,Enhancement of Virtual Assistants Through Multimodal AI for Emotion Recognition,2025,,downloaded_pdfs/11028073.pdf,260
10937695.pdf,Evolutionary Synthesis of High-Capacity Reconfigurable Multilayer Road Networks Using a Multiagent Hybrid Clustering-Assisted,2025,,downloaded_pdfs/10937695.pdf,261
11251177.pdf,Exploring the Synergy of Machine Learning Integration in 3D Printing and Additive Manufacturing,2025,,downloaded_pdfs/11251177.pdf,262
11052297.pdf,Unveiling Hidden Structures: Multi-Platform IoT Malware Analysis Using Graph Embeddings,2025,,downloaded_pdfs/11052297.pdf,263
11127021.pdf,Physical Layer Secure Communication for Active Dual-RIS Assisted MISO System,2025,,downloaded_pdfs/11127021.pdf,264
11153939.pdf,G-SQL: A Schema-Aware and Rule-Guided Approach for Robust Natural Language to SQL Translation,2025,,downloaded_pdfs/11153939.pdf,265
11079584.pdf,TREET: TRansfer Entropy Estimation via Transformers,2025,,downloaded_pdfs/11079584.pdf,266
11043149.pdf,Novel Efficient Steel Surface Defect Detection Model Based on ConvNeXt v2 and Squeeze Aggregated Excitation Attention,2025,,downloaded_pdfs/11043149.pdf,267
11251224.pdf,DF-TACarcNet: Domain Fusion-Based DC Arc-Fault Classification Using Temporal Adaptive Method for Distributed Energy Resources,2025,,downloaded_pdfs/11251224.pdf,268
11123863.pdf,Exploring the Moderating Effect of Price on the Relationship Between Intention and Use of Voice Assistants,2025,,downloaded_pdfs/11123863.pdf,269
11126095.pdf,Reliability and Scalability of Pedestrian Monitoring Practices: A Systematic Review,2025,,downloaded_pdfs/11126095.pdf,270
11244905.pdf,Deep Learning Approaches for Predicting Tourism Demand in Urban Destinations,2025,,downloaded_pdfs/11244905.pdf,271
11021645.pdf,Multi-Parameter Optimization Using Metaheuristic Algorithms to Improve Uncrewed Aerial Vehicles’ Wireless Communications:,2025,,downloaded_pdfs/11021645.pdf,272
11079409.pdf,Integrating Digital Food Nudges and Recommender Systems: Current Status and Future Directions,2025,,downloaded_pdfs/11079409.pdf,273
11199024.pdf,Leveraging Graph Neural Networks and Multimodal Fusion for Enhanced Movie Genre Classification With Plots and Reviews,2025,,downloaded_pdfs/11199024.pdf,274
11079554.pdf,Modeling Purposes of Public Transportation Trips for Human Need-Responsive Urban Mobility,2025,,downloaded_pdfs/11079554.pdf,275
11177194.pdf,Uncertainty-Aware Multi-Modal Learning for Autonomous Pallet Handling in Dynamic Warehouse Scenarios,2025,,downloaded_pdfs/11177194.pdf,276
11087224.pdf,Forecasting Transmission Line Loss Using a Cluster-Based Refinement Framework and Scheduled Outage Data,2025,,downloaded_pdfs/11087224.pdf,277
Classifying_Transformer_Winding_Deformation_Fault_Types_and_Degrees_Using_FRA_Based_on_Support_Vector_Machine.pdf,Classifying Transformer Winding Deformation Fault Types and Degrees Using FRA Based on Support Vector Machine,2019,,downloaded_pdfs/Classifying_Transformer_Winding_Deformation_Fault_Types_and_Degrees_Using_FRA_Based_on_Support_Vector_Machine.pdf,278
11196894.pdf,XDOcc: An Explainable Artificial Intelligence Empowered Deep Framework for Occupancy Detection and Occupant Count Estimation,2025,,downloaded_pdfs/11196894.pdf,279
Artificial_Intelligence-Driven_Digital_Twin_for_Dynamic_Pricing_Model_in_Hybrid_Optimization.pdf,Artificial Intelligence-Driven Digital Twin for Dynamic Pricing Model in Hybrid Optimization,2025,,downloaded_pdfs/Artificial_Intelligence-Driven_Digital_Twin_for_Dynamic_Pricing_Model_in_Hybrid_Optimization.pdf,280
11123456.pdf,Enhancing Global and Local Context Modeling in Time Series Through Multi-Step Transformer-Diffusion Interaction,2025,,downloaded_pdfs/11123456.pdf,281
10985757.pdf,Embodied Conversational Agents in Extended Reality: A Systematic Review,2025,,downloaded_pdfs/10985757.pdf,282
11015455.pdf,Framework for Emotion Recognition Using Cross-Modal Transformers With Non-Contact Multimodal Signals Aiming Clinical,2025,,downloaded_pdfs/11015455.pdf,283
11015702.pdf,A Review of Developments and Metrology in Machine Learning and Deep Learning for Wearable IoT Devices,2025,,downloaded_pdfs/11015702.pdf,284
11303071.pdf,A DRL-Based Framework for Energy-Optimal Trajectory Optimization Between Disjoint Regions in Wind Shear Environments,2025,,downloaded_pdfs/11303071.pdf,285
11059889.pdf,Shaping Empathy and Trust Toward Agents: The Role of Agent Behavior Modification and Attitude,2025,,downloaded_pdfs/11059889.pdf,286
11202481.pdf,Deep Learning-Based Translation of Compressed Seismocardiogram Into Electrocardiogram and Breathing Signals,2025,,downloaded_pdfs/11202481.pdf,287
11062843.pdf,Enhanced Android Malware Detect Models Based on Explainable Generative Adversarial Networks,2025,,downloaded_pdfs/11062843.pdf,288
11015957.pdf,A Hybrid Deep Learning Framework for Early-Stage Alzheimer’s Disease Classification From Neuro-Imaging Biomarkers,2025,,downloaded_pdfs/11015957.pdf,289
11205496.pdf,Efficient Back-Projection Technique for Multiple Objects Detection and 2D Imaging Through Photonics-Based LFM Radar,2025,,downloaded_pdfs/11205496.pdf,290
11002492.pdf,Generating Anticancer Peptides Sequences Using Seq2Seq Modeling and Machine Learning Methods,2025,,downloaded_pdfs/11002492.pdf,291
11242137.pdf,LLM-Based Code Generation: A Systematic Literature Review With Technical and Demographic Insights,2025,,downloaded_pdfs/11242137.pdf,292
11050387.pdf,Vision-Based Automated Pavement Distress Inspection: A Review,2025,,downloaded_pdfs/11050387.pdf,293
10938095.pdf,An Evolutionary Toolchain for Morphological Filter Mapping on Many-Core Architectures,2025,,downloaded_pdfs/10938095.pdf,294
11145055.pdf,An Iterative Systematic Analytical Review of Machine Learning Techniques for Blockchain Optimization,2025,,downloaded_pdfs/11145055.pdf,295
11029002.pdf,The Global Element Method for Three- Dimensional Potential Problems,2025,,downloaded_pdfs/11029002.pdf,296
10988601.pdf,NMS-KSD: Efficient Knowledge Distillation for Dense Object Detection via Non-Maximum Suppression and Feature Storage,2025,,downloaded_pdfs/10988601.pdf,297
10963740.pdf,Forest Fire Detection Based on Enhanced Feature Information Capture and Long-Range,2025,,downloaded_pdfs/10963740.pdf,298
10972356.pdf,Research on Multi-AGV Rail Transportation Path Planning and Dynamic Obstacle Avoidance Based on Multi-Sensor Environmental Perception and,2025,,downloaded_pdfs/10972356.pdf,299
11027127.pdf,Smart Chaining: Templing and Temple Search,2025,,downloaded_pdfs/11027127.pdf,300
Intelligent_Vulnerability_Analysis_for_Connectivity_and_Critical-Area_Integrity_in_IoV.pdf,Intelligent Vulnerability Analysis for Connectivity and Critical-Area Integrity in IoV,2020,,downloaded_pdfs/Intelligent_Vulnerability_Analysis_for_Connectivity_and_Critical-Area_Integrity_in_IoV.pdf,301
11237109.pdf,LSE-FS-UVigo Dataset and Keypoint-Based Fingerspelling Recognition,2025,,downloaded_pdfs/11237109.pdf,302
11095690.pdf,DatApollo: Orchestration of Serverless Functions for Scalable Data Mining,2025,,downloaded_pdfs/11095690.pdf,303
11168456.pdf,Analyzing Lane Visibility Distance on Urban and Suburban Roads in Slovakia Under Various Weather Conditions Using a Single Camera,2025,,downloaded_pdfs/11168456.pdf,304
11155092.pdf,Motion Parameter Optimization Using Modified Epipolar Geometric Constraints for Efficient Object Tracking,2025,,downloaded_pdfs/11155092.pdf,305
11300864.pdf,Balancing Efficiency and Longevity in Community Energy Storage Systems Using Predictive,2025,,downloaded_pdfs/11300864.pdf,306
11270870.pdf,Online Fine-Grained Root Cause Classification for Power Quality Disturbances,2025,,downloaded_pdfs/11270870.pdf,307
11184813.pdf,Toward Automated Chemical Analysis of Materials Using Secondary Electron Hyperspectral Imaging and Unsupervised Learning,2025,,downloaded_pdfs/11184813.pdf,308
Artificial_Intelligence-Aided_Receiver_for_a_CP-Free_OFDM_System_Design_Simulation_and_Experimental_Test (1).pdf,"Artificial Intelligence-Aided Receiver for a CP-Free OFDM System: Design, Simulation, and Experimental Test",2019,,downloaded_pdfs/Artificial_Intelligence-Aided_Receiver_for_a_CP-Free_OFDM_System_Design_Simulation_and_Experimental_Test (1).pdf,309
11165287.pdf,Energy Management Solution for Islanding Based on a Dynamic Neuro-Fuzzy-Optical Microscope,2025,,downloaded_pdfs/11165287.pdf,310
11029188.pdf,Automated Ultrasound Diagnosis via CLIP-GPT Synergy: A Multimodal Framework for Image Classification and Report Generation,2025,,downloaded_pdfs/11029188.pdf,311
11095718.pdf,"Strategic Human Resource Development for Emerging Technologies: A Scoping Review in ICT, Robotics, Data Science, and CPS",2025,,downloaded_pdfs/11095718.pdf,312
11149632.pdf,SHRED: An Ensemble-Based Machine Learning Model to Sift Email Messages for Real-Time Spam,2025,,downloaded_pdfs/11149632.pdf,313
10937032.pdf,Multi-Task Prediction Method Based on GGCN for Object Centric Event Logs,2025,,downloaded_pdfs/10937032.pdf,314
10976361.pdf,Binocular Vision-Based Target Detection Algorithm,2025,,downloaded_pdfs/10976361.pdf,315
11168472.pdf,Forecasting the Global Price of Corn Using Neural Network and Hybrid Approach,2025,,downloaded_pdfs/11168472.pdf,316
11072142.pdf,Improved Distributed Backdoor Attacks in Federated Learning by Density-Adaptive Data Poisoning and Projection-Based,2025,,downloaded_pdfs/11072142.pdf,317
11203982.pdf,Al-Driven Interfacial Gap Prediction in Overlapped Al/Cu Laser Weld Joint for Battery Applications,2025,,downloaded_pdfs/11203982.pdf,318
10982267.pdf,Accurate and Efficient LiDAR SLAM by Learning Unified Neural Descriptors,2025,,downloaded_pdfs/10982267.pdf,319
10963727.pdf,Frequency-Aware Learned Image Compression Using Channel-Wise Attention and Restormer,2025,,downloaded_pdfs/10963727.pdf,320
11151538.pdf,Type 2 Fuzzy Consensus Control for Leader-Follower Multiple Euler-Lagrange System Under Faults and Deception Attack,2025,,downloaded_pdfs/11151538.pdf,321
11021444.pdf,MLAR-Net: A Multilevel Attention-Based ResNet Module for the Automated Recognition of Emotions Using Single-Channel EEG Signals,2025,,downloaded_pdfs/11021444.pdf,322
11048602.pdf,Enhanced Design of a Hand Exoskeleton: Balancing Force Transmission and Actuation With Evolutionary Algorithms,2025,,downloaded_pdfs/11048602.pdf,323
11165345.pdf,Microservices Design Pattern in Action: Improving Modifiability in Microservices-Based Software Development,2025,,downloaded_pdfs/11165345.pdf,324
11175376.pdf,Quantum-Resilient Cryptography: A Survey on Classical and Quantum Algorithms,2025,,downloaded_pdfs/11175376.pdf,325
10945359.pdf,Aspect-Based Sentiment Analysis: A Comprehensive Review and Open Research Challenges,2025,,downloaded_pdfs/10945359.pdf,326
10981745.pdf,K-Means++ Clustering-Based Approach for SDN Controller Placement in LEO Satellite Networks,2025,,downloaded_pdfs/10981745.pdf,327
11071317.pdf,Leverage Gaussian Interpolation Features Extraction and Advanced Encode–Decode Models for 2D Steady State Flows Estimation,2025,,downloaded_pdfs/11071317.pdf,328
11005579.pdf,SMART-FL: Single-Shot Merged Adaptive Resource-Aware Tensor-Fusion for Efficient Federated Learning in Heterogeneous,2025,,downloaded_pdfs/11005579.pdf,329
11029237.pdf,Plant Disease Detection Using an Innovative Swin-Axial Transformer,2025,,downloaded_pdfs/11029237.pdf,330
11086579.pdf,A Deep Learning Method for Pneumoconiosis Staging on Chest X-Ray Under Label Noise,2025,,downloaded_pdfs/11086579.pdf,331
10933972.pdf,Breaking Away From AI: The Ontological and Ethical Evolution of Machine Learning,2025,,downloaded_pdfs/10933972.pdf,332
11048466.pdf,A Scalable All-Digital Near-Memory Computing Architecture for Edge AIoT Applications,2025,,downloaded_pdfs/11048466.pdf,333
11199035.pdf,Symbolic Plithogenic Numbers in RSA Cryptography: A Path to Post-Quantum Security,2025,,downloaded_pdfs/11199035.pdf,334
11009182.pdf,Artificial Intelligence for DC Arc Fault Detection in Photovoltaic Systems: A Comprehensive Review,2025,,downloaded_pdfs/11009182.pdf,335
11008575.pdf,Optimizing Nutrient Formulations Through Artificial Intelligence Model to Reduce Excessive Fertigation in Lettuce Grown,2025,,downloaded_pdfs/11008575.pdf,336
11223625.pdf,Rapid Deployment of Deep Learning-Based Condition Monitoring for Rotating Machines,2025,,downloaded_pdfs/11223625.pdf,337
11039782.pdf,Iterative and Non-Iterative Theoretical Closed Forms Discrete Cosine Transform-Based Incremental LMS,2025,,downloaded_pdfs/11039782.pdf,338
11172274.pdf,Partial Secrecy Analysis in Wireless Systems: Diversity-Enhanced PLS Over Generalized Fading Channels,2025,,downloaded_pdfs/11172274.pdf,339
11058925.pdf,AZIM: Arabic-Centric Zero-Shot Inference for Multilingual Topic Modeling With Enhanced Performance on Summarized Text,2025,,downloaded_pdfs/11058925.pdf,340
11311997.pdf,PoliHate: An End-to-End Hate Speech Detection Framework for the Modern Political Arena,2025,,downloaded_pdfs/11311997.pdf,341
11080388.pdf,YOLO-WTB: Improved YOLOv12n Model for Detecting Small Damage of Wind Turbine Blades From Aerial Imagery,2025,,downloaded_pdfs/11080388.pdf,342
11143192.pdf,AI-Powered Adaptive English Language Learning Systems: Leveraging Deep Learning Algorithms and Natural Language Processing for,2025,,downloaded_pdfs/11143192.pdf,343
11126013.pdf,Modeling of Negative Feedback Refined via LLM in Recommender Systems,2025,,downloaded_pdfs/11126013.pdf,344
11077151.pdf,Hybrid AI for Predictive Cyber Risk Assessment: Federated Graph-Transformer Architecture With Explainability,2025,,downloaded_pdfs/11077151.pdf,345
11214393.pdf,Snow-Calib: Deep Learning-Based Camera-LiDAR Extrinsic Calibration Under Snowy Weather,2025,,downloaded_pdfs/11214393.pdf,346
11300859.pdf,From Retrieval to Response: Tracing the Impact of Embedding Quality in RAG Systems,2025,,downloaded_pdfs/11300859.pdf,347
10975819.pdf,The Design and Realization of a Self-Hosted and Open-Source Agile Internal Development,2025,,downloaded_pdfs/10975819.pdf,348
11230667.pdf,"Clustered Bootstrap Similarity Learning Framework: Time Series Forecasting 1, T. VAN ZYL2, (Member, IEEE), AND HAIRONG WANG1",2025,,downloaded_pdfs/11230667.pdf,349
11062571.pdf,An Adaptive Variable-Weight Combination Forecasting Method for Energy Product Sales Based on Meta-Learning,2025,,downloaded_pdfs/11062571.pdf,350
11195121.pdf,Pitch Location Measurement Using a Single Camera and Radar Gun,2025,,downloaded_pdfs/11195121.pdf,351
11214146.pdf,Optimizing Sleep-Wake-Transmit Scheduling to Minimize Age of Information in Wireless-Powered Communication Networks,2025,,downloaded_pdfs/11214146.pdf,352
11205352.pdf,A Hybrid Neuromorphic Framework With Dual-Mode Memory and Adaptive Synaptic Plasticity,2025,,downloaded_pdfs/11205352.pdf,353
11104155.pdf,"State-of-the-Art on IoV-Based Deep Learning Framework for Enhanced Driving Behavior Recognition: Recent Progress, Technology",2025,,downloaded_pdfs/11104155.pdf,354
10964311.pdf,"Can Knowledge Distillation Enable Seismic Interpolation, Super-Resolution, and Denoising Simultaneously?",2025,,downloaded_pdfs/10964311.pdf,355
11176032.pdf,Multi-View Collaborative Fusion and Contrastive Learning for Recommendation,2025,,downloaded_pdfs/11176032.pdf,356
11080010.pdf,Enhancing LoRa-Based Outdoor Localization Accuracy Using Machine Learning,2025,,downloaded_pdfs/11080010.pdf,357
11072103.pdf,Proactive Data Placement in Heterogeneous Storage Systems via Predictive Multi-Objective Reinforcement Learning,2025,,downloaded_pdfs/11072103.pdf,358
Detecting_of_Robotic_Imitation_of_Human_on-the-Website_Activity_With_Advanced_Vector_Analysis_and_Fractional_Derivatives.pdf,Detecting of Robotic Imitation of Human on-the-Website Activity With Advanced Vector Analysis and Fractional,2024,,downloaded_pdfs/Detecting_of_Robotic_Imitation_of_Human_on-the-Website_Activity_With_Advanced_Vector_Analysis_and_Fractional_Derivatives.pdf,359
11314185.pdf,A Real-Time Markerless Approach for 3D Pose Estimation of Laparoscopic Instruments in Surgical Training Simulators,2025,,downloaded_pdfs/11314185.pdf,360
10994767.pdf,Do Sharpness-Based Optimizers Improve Generalization in Medical Image Analysis?,2025,,downloaded_pdfs/10994767.pdf,361
11148490.pdf,Post-Quantum Authentication Framework Based on Iris Recognition and Homomorphic Encryption,2025,,downloaded_pdfs/11148490.pdf,362
11236438.pdf,WL-GraphTrax: A Graph-Transformer Framework for EEG-Based Cognitive Workload Classification,2025,,downloaded_pdfs/11236438.pdf,363
10960419.pdf,Bridge Crack Segmentation Algorithm Based on Improved U-Net,2025,,downloaded_pdfs/10960419.pdf,364
11105426.pdf,Research on the Real-Time Scoring of Chest Ring Target Based on Transfer Learning and Improved Lightweight Neural Network,2025,,downloaded_pdfs/11105426.pdf,365
11098792.pdf,"A Unified Approach to Voice Classification: Leveraging Spectrograms, Mel Spectrograms, and Statistical Features",2025,,downloaded_pdfs/11098792.pdf,366
10966861.pdf,Hybrid YOLOv8 and Fast R-CNN for Accurate Schematic Detection in Power Distribution Networks,2025,,downloaded_pdfs/10966861.pdf,367
11207672.pdf,Deep Learning-Driven Animation: Enhancing Real-Time Character Motion Synthesis,2025,,downloaded_pdfs/11207672.pdf,368
11230341.pdf,Dual-LLM Hierarchical Task Planning and Skill Grounding for Mobile Manipulation in Long-Horizon Restroom Cleaning,2025,,downloaded_pdfs/11230341.pdf,369
10975744.pdf,Automated Detection of Road Defects Using LSTM and Random Forest,2025,,downloaded_pdfs/10975744.pdf,370
10937097.pdf,Dual-Channel Dynamic Gated Spatio-Temporal Graph for Traffic Flow Forecasting,2025,,downloaded_pdfs/10937097.pdf,371
Contract-Based_Computing_Resource_Management_via_Deep_Reinforcement_Learning_in_Vehicular_Fog_Computing.pdf,Contract-Based Computing Resource Management via Deep Reinforcement Learning in Vehicular Fog Computing,2019,,downloaded_pdfs/Contract-Based_Computing_Resource_Management_via_Deep_Reinforcement_Learning_in_Vehicular_Fog_Computing.pdf,372
11114952.pdf,A Data-Driven Approach for Predicting Remaining Useful Life of Semiconductor Devices Based on Machine Learning and Synthetic Data Generation:,2025,,downloaded_pdfs/11114952.pdf,373
11208623.pdf,"AI-Driven Software Test Automation: An AI4SE-Oriented Survey of Techniques, Tools, and Challenges",2025,,downloaded_pdfs/11208623.pdf,374
11015550.pdf,Outlier Traffic Flow Detection and Pattern Analysis Under Unplanned Disruptions: A Low-Rank Robust,2025,,downloaded_pdfs/11015550.pdf,375
11250543.pdf,Trust Inference Mechanism Based on Threat Intelligence and Device Health Features,2025,,downloaded_pdfs/11250543.pdf,376
11205342.pdf,Can We Trust AI With Our Ears? A Cross-Domain Comparative Analysis of Explainability in Audio Intelligence,2025,,downloaded_pdfs/11205342.pdf,377
11027126.pdf,Toward Compliance and Transparency in Raw Material Sourcing With Blockchain and Edge AI,2025,,downloaded_pdfs/11027126.pdf,378
11015949.pdf,Radiation-Hardened—AI-Accelerated Custom IC Design Methodology,2025,,downloaded_pdfs/11015949.pdf,379
11283000.pdf,"Beyond Falls: A Hybrid CNN–LSTM–Attention Framework for Pre-, Transition-, and Post-Fall Detection With Wearable Inertial Sensors",2025,,downloaded_pdfs/11283000.pdf,380
11077137.pdf,Data-Driven Robust Tracking Control for Multi-Player Nonzero-Sum Games With Constrained Inputs,2025,,downloaded_pdfs/11077137.pdf,381
Large_Dynamic_Range_and_High_Sensitivity_PGC_Demodulation_Technique_for_Tri-Component_Fiber_Optic_Seismometer.pdf,Large Dynamic Range and High Sensitivity PGC Demodulation Technique for Tri-Component Fiber Optic Seismometer,2019,,downloaded_pdfs/Large_Dynamic_Range_and_High_Sensitivity_PGC_Demodulation_Technique_for_Tri-Component_Fiber_Optic_Seismometer.pdf,382
11079598.pdf,Computer Vision-Based Detection and Classification of Road Obstacles: Systematic Literature Review,2025,,downloaded_pdfs/11079598.pdf,383
11300860.pdf,Hybrid Cloud-Integrated and GAN-Based Deep Learning Framework for Prediction of Environmental Time Series,2025,,downloaded_pdfs/11300860.pdf,384
11231399.pdf,"On-Device Evaluation of Joint Speech-Text Embeddings for ASR, TTS, and Speaker Recognition Tasks",2025,,downloaded_pdfs/11231399.pdf,385
11214418.pdf,A Mutual Information-Based Framework for Enhancing Graph Neural Networks on Heterophily,2025,,downloaded_pdfs/11214418.pdf,386
11151990.pdf,Exploiting Performance Scaling and Predictive Modeling for SA-HPL: From Multicore to Distributed Systems,2025,,downloaded_pdfs/11151990.pdf,387
11278171.pdf,DGPE: A Dual-Stream Geometric-Aware Positional Encoding for Transformer-Based Object Detection,2025,,downloaded_pdfs/11278171.pdf,388
11115062.pdf,LARNet-SAP-YOLOv11: A Joint Model for Image Restoration and Corrosion Defect Detection of Transmission Line Fittings Under Multiple,2025,,downloaded_pdfs/11115062.pdf,389
11175378.pdf,A Trustworthy Model With Uncertainty Management for Predicting Vascular Access Dysfunction in Hemodialysis Patients,2025,,downloaded_pdfs/11175378.pdf,390
Short-Term_Load_Forecasting_Based_on_Deep_Learning_for_End-User_Transformer_Subject_to_Volatile_Electric_Heating_Loads.pdf,Short-Term Load Forecasting Based on Deep Learning for End-User Transformer Subject to Volatile Electric Heating Loads,2019,,downloaded_pdfs/Short-Term_Load_Forecasting_Based_on_Deep_Learning_for_End-User_Transformer_Subject_to_Volatile_Electric_Heating_Loads.pdf,391
11180945.pdf,From Opening to Endgame: When Does the Game Get Engaging and Exciting? Exploring Phase-Based Velocity Dynamics Using,2025,,downloaded_pdfs/11180945.pdf,392
11014098.pdf,VT2Music: A Multimodal Framework for Text-Visual Guided Music Generation and Comprehensive Performance Analysis,2025,,downloaded_pdfs/11014098.pdf,393
An_Enhanced_Electrocardiogram_Biometric_Authentication_System_Using_Machine_Learning.pdf,An Enhanced Electrocardiogram Biometric Authentication System Using Machine Learning,2019,,downloaded_pdfs/An_Enhanced_Electrocardiogram_Biometric_Authentication_System_Using_Machine_Learning.pdf,394
11129107.pdf,Enhancing Sleep Stage Classification With Single Channel EEG: Feature Extraction and Random Forest-XGBoost Model,2025,,downloaded_pdfs/11129107.pdf,395
11000110.pdf,Improved YOLOv8 Algorithm was Used to Segment Cucumber Seedlings Under Complex Artificial Light Conditions,2025,,downloaded_pdfs/11000110.pdf,396
11151802.pdf,"Evaluating Cyber Threat Intelligence: Accuracy, Completeness, Relevance, and Freshness",2025,,downloaded_pdfs/11151802.pdf,397
11175133.pdf,Minimizing Energy Consumption of Satellite Edge Computing-Capable LEO Satellites,2025,,downloaded_pdfs/11175133.pdf,398
11071263.pdf,"Cultural Bias in Text-to-Image Models: A Systematic Review of Bias Identification, Evaluation, and Mitigation Strategies",2025,,downloaded_pdfs/11071263.pdf,399
11048474.pdf,Tiny-MobileNet-SE: A Hybrid Lightweight CNN Architecture for Resource-Constrained IoT Devices,2025,,downloaded_pdfs/11048474.pdf,400
10972112.pdf,Multi-Output Regression for the Prediction of World-Class Performances in Women’s Handball,2024,,downloaded_pdfs/10972112.pdf,401
11014058.pdf,V2Coder: A Non-Autoregressive Vocoder Based on Hierarchical Variational Autoencoders,2025,,downloaded_pdfs/11014058.pdf,402
11271654.pdf,Human Activity Recognition From 1-D Motion Signal Based on Grid Transition Labeling,2025,,downloaded_pdfs/11271654.pdf,403
10979891.pdf,Federated Learning Framework Based on Distributed Storage and Diffusion Model for Intrusion Detection on IoT Networks,2025,,downloaded_pdfs/10979891.pdf,404
10946184.pdf,Opportunistic Dynamic Architecture for Class-Incremental Learning,2025,,downloaded_pdfs/10946184.pdf,405
11096601.pdf,Heterogeneous AI Music Generation Technology Integrating Fine-Grained Control,2025,,downloaded_pdfs/11096601.pdf,406
11030225.pdf,FDE-RCF: A Navel Orange Defect Edge Detection Algorithm Based on Feature Depth Enhancement,2025,,downloaded_pdfs/11030225.pdf,407
11062864.pdf,The Role of Teacher Calibration in Knowledge Distillation,2025,,downloaded_pdfs/11062864.pdf,408
11301679.pdf,A Comprehensive Review of Compressed Image Restoration and Compression Artifact Reduction Techniques,2025,,downloaded_pdfs/11301679.pdf,409
A_Middle_Game_Search_Algorithm_Applicable_to_Low-Cost_Personal_Computer_for_Go.pdf,A Middle Game Search Algorithm Applicable to Low-Cost Personal Computer for Go,2019,,downloaded_pdfs/A_Middle_Game_Search_Algorithm_Applicable_to_Low-Cost_Personal_Computer_for_Go.pdf,410
11123133.pdf,Abnormal Evolution Pattern Recognition of Spatial Communities Based on Random Walk With Restart,2025,,downloaded_pdfs/11123133.pdf,411
11107402.pdf,"Multi-Technology Integration in Hybrid V2X Networks: A Survey, Challenges, and Open Issues",2025,,downloaded_pdfs/11107402.pdf,412
11142781.pdf,LLTQ+: A Hardware-Friendly Quantization Framework for Modern YOLO Architectures,2025,,downloaded_pdfs/11142781.pdf,413
11206327.pdf,Real-Time Detection of Mixed-Critical Events Using Vision-Language Models,2025,,downloaded_pdfs/11206327.pdf,414
A_Novel_MIMO_Channel_Model_for_Congested_Communication_Environments.pdf,A Novel MIMO Channel Model for Congested Communication Environments,2019,,downloaded_pdfs/A_Novel_MIMO_Channel_Model_for_Congested_Communication_Environments.pdf,415
11113321.pdf,Benchmarking Sentence Encoders in Associating Indicators With Sustainable Development Goals and Targets,2025,,downloaded_pdfs/11113321.pdf,416
11087233.pdf,Automated Class Imbalance Learning via Few-Shot Multi-Objective Bayesian Optimization With Deep Kernel,2025,,downloaded_pdfs/11087233.pdf,417
11145811.pdf,CT-FSOD: CLIP-Based Text-Guided Few-Shot Object Detection,2025,,downloaded_pdfs/11145811.pdf,418
11030609.pdf,Generalized MPC-DSVPWM Methods: Reduction Techniques and Explainable Machine Learning With Conformal Prediction for PMSM Drives,2025,,downloaded_pdfs/11030609.pdf,419
Residual_Remaining_Useful_Life_Prediction_Method_for_Lithium-Ion_Batteries_in_Satellite_With_Incomplete_Healthy_Historical_Data.pdf,Residual Remaining Useful Life Prediction Method for Lithium-Ion Batteries in Satellite With Incomplete Healthy Historical Data,2019,,downloaded_pdfs/Residual_Remaining_Useful_Life_Prediction_Method_for_Lithium-Ion_Batteries_in_Satellite_With_Incomplete_Healthy_Historical_Data.pdf,420
11124893.pdf,PPG-Based Accurate Insomnia Detection System Using Convolutional Neural Networks With Self-Attention Mechanism and Gated,2025,,downloaded_pdfs/11124893.pdf,421
10967260.pdf,A Case Study on SAL-Based Teaching and Learning in a Functional Clothing and Materials Course Using Generative AI,2025,,downloaded_pdfs/10967260.pdf,422
10937159.pdf,Global and Local Context Fusion in Heterogeneous Graph Neural Network for Summarizing Lengthy Scientific Documents,2025,,downloaded_pdfs/10937159.pdf,423
11082164.pdf,Smart Agile Prioritization and Clustering: An AI-Driven Approach for Requirements Prioritization,2025,,downloaded_pdfs/11082164.pdf,424
11031423.pdf,Research on SeaTreasure Target Detection Technology Based on Improved YOLOv7-Tiny,2025,,downloaded_pdfs/11031423.pdf,425
11146740.pdf,Research and Implementation of Secure Dual Algorithm-Based Transmission System for Sensitive Data of Large Models in an,2025,,downloaded_pdfs/11146740.pdf,426
11062566.pdf,"A Review of Arabic Text Summarization: Methods, Datasets, and Evaluation Metrics, With a Proposed Solution",2025,,downloaded_pdfs/11062566.pdf,427
11231790.pdf,Toward Secure and Anonymous Patient Monitoring: An Authenticated Key Agreement Protocol With Secure De-Anonymization,2025,,downloaded_pdfs/11231790.pdf,428
11029017.pdf,Comprehensive Review and Analysis of Image Encryption Techniques,2025,,downloaded_pdfs/11029017.pdf,429
11026043.pdf,PlantHealthNet: Transformer-Enhanced Hybrid Models for Disease Diagnosis and Severity Estimation in Agriculture,2025,,downloaded_pdfs/11026043.pdf,430
11080410.pdf,Transformer-Based Vulnerability Detection in IoT Firmware Binaries Using Opcode Sequences,2025,,downloaded_pdfs/11080410.pdf,431
11045948.pdf,YOLO-DKM: A Flame and Spark Detection Algorithm Based on Deep Learning,2025,,downloaded_pdfs/11045948.pdf,432
11184831.pdf,Is This the Best Prompt? Scoring Prompts for Arabic NLP Across LLMs,2025,,downloaded_pdfs/11184831.pdf,433
11146751.pdf,Performance Evaluation of Monolithic and Microservice Architectures for Natural Language Processing in Command and Control Applications,2025,,downloaded_pdfs/11146751.pdf,434
11037729.pdf,Optimizing Fingerprint Identification: CNNs With Raw Images Versus Handcrafted Features for Real-Time Systems,2025,,downloaded_pdfs/11037729.pdf,435
Deep_Learning-Based_mmWave_Beam_Selection_for_5G_NR_6G_With_Sub-6_GHz_Channel_Information_Algorithms_and_Prototype_Validation.pdf,Deep Learning-Based mmWave Beam Selection for 5G NR/6G With Sub-6 GHz Channel Information: Algorithms and,2020,,downloaded_pdfs/Deep_Learning-Based_mmWave_Beam_Selection_for_5G_NR_6G_With_Sub-6_GHz_Channel_Information_Algorithms_and_Prototype_Validation.pdf,436
11151292.pdf,SPP-L2: A PPO-Enhanced Large Language Model Framework for Student Performance Prediction on Learner-Sourced Questions,2025,,downloaded_pdfs/11151292.pdf,437
11123138.pdf,What’s Going On in Dark Web Question and Answer Forums: Topic Diversity and Linguistic Characteristics,2025,,downloaded_pdfs/11123138.pdf,438
A_3D_Wideband_Two-Cluster_Channel_Model_for_Massive_MIMO_Vehicle-to-Vehicle_Communications_in_Semi-Ellipsoid_Environments.pdf,A 3D Wideband Two-Cluster Channel Model for Massive MIMO Vehicle-to-Vehicle Communications in Semi-Ellipsoid Environments,2020,,downloaded_pdfs/A_3D_Wideband_Two-Cluster_Channel_Model_for_Massive_MIMO_Vehicle-to-Vehicle_Communications_in_Semi-Ellipsoid_Environments.pdf,439
11142249.pdf,CASCAFE Approach With Real-Time Data in Vehicle Maintenance,2025,,downloaded_pdfs/11142249.pdf,440
11029019.pdf,Dynamic Split Computing Framework for Multi-Task Learning Models: A Deep Reinforcement Learning Approach,2025,,downloaded_pdfs/11029019.pdf,441
10937694.pdf,Enhanced Privacy and Communication Efficiency in Non-IID Federated Learning With Adaptive Quantization and Differential Privacy,2025,,downloaded_pdfs/10937694.pdf,442
11145032.pdf,Multilingual Relation Extraction: A Survey,2025,,downloaded_pdfs/11145032.pdf,443
11131119.pdf,From Transformers to ChatGPT: An Analysis of Large Language Models Research,2025,,downloaded_pdfs/11131119.pdf,444
11296809.pdf,An Intelligent Hybrid Model for Wildfire Prediction and Environmental Risk Management,2025,,downloaded_pdfs/11296809.pdf,445
10994459.pdf,Energy- and Area-Efficient CMOS Neuron and Max Pooling Circuit for RRAM-Based CNN Accelerators,2025,,downloaded_pdfs/10994459.pdf,446
11006046.pdf,Animation Pose Generation Model Based on Kinect Depth Image and Occlusion-Robust Pose-Maps Algorithm,2025,,downloaded_pdfs/11006046.pdf,447
10978031.pdf,Permanent Magnet Synchronous Motor Stator and Rotor Fault Detection Using Transfer Learning and Field-Circuit Model,2025,,downloaded_pdfs/10978031.pdf,448
Q-Learning_Based_Physical-Layer_Secure_Game_Against_Multiagent_Attacks.pdf,Q-Learning Based Physical-Layer Secure Game Against Multiagent Attacks,2019,,downloaded_pdfs/Q-Learning_Based_Physical-Layer_Secure_Game_Against_Multiagent_Attacks.pdf,449
11272136.pdf,Computing Hamming Distance and Levenshtein Distance Using ReLU Neural Networks,2025,,downloaded_pdfs/11272136.pdf,450
11142744.pdf,E-PSOGA: An Enhanced Hybrid Metaheuristic for Optimal Edge-to-Cloud Placement of Services With Multi-Version Components,2025,,downloaded_pdfs/11142744.pdf,451
11029293.pdf,Deep Learning-Based Multi-Floor Indoor Localization Using Smartphone IMU Sensors With 3D Location Initialization,2025,,downloaded_pdfs/11029293.pdf,452
11184115.pdf,Machine Learning for Fluid Thermodynamics: State of the Art and Open Challenges,2025,,downloaded_pdfs/11184115.pdf,453
11015969.pdf,Predicting Freshman Recruitment Rates: A Comparative Analysis of Metropolitan and Non-Metropolitan Universities in South Korea,2025,,downloaded_pdfs/11015969.pdf,454
11000123.pdf,Anodapter: A Unified Framework for Generating Aligned Anomaly Images and Masks Using Diffusion Models,2025,,downloaded_pdfs/11000123.pdf,455
Active_Coefficient_Detection_Maximum_Correntropy_Criterion_Algorithm_for_Sparse_Channel_Estimation_Under_Non-Gaussian_Environments.pdf,Active Coefficient Detection Maximum Correntropy Criterion Algorithm for Sparse Channel Estimation Under Non-Gaussian,2019,,downloaded_pdfs/Active_Coefficient_Detection_Maximum_Correntropy_Criterion_Algorithm_for_Sparse_Channel_Estimation_Under_Non-Gaussian_Environments.pdf,456
11155085.pdf,Cryptanalysis and Modification of Yang et al.’s Certificateless Multi-User Matchmaking Encryption Scheme,2025,,downloaded_pdfs/11155085.pdf,457
11071261.pdf,SynergyScore: Leveraging Pretrained Language Models for Effective Evaluation of Code-Switched,2025,,downloaded_pdfs/11071261.pdf,458
11123794.pdf,Based on Fast Non-Singular Dynamic Terminal Sliding Mode Control for Four-Wheel Independently Driven Electric Vehicle,2025,,downloaded_pdfs/11123794.pdf,459
11009009.pdf,"Machine Learning in E-Commerce: Trends, Applications, and Future Challenges",2025,,downloaded_pdfs/11009009.pdf,460
11079980.pdf,KeyMPs: One-Shot Vision-Language Guided Motion Generation by Sequencing DMPs for Occlusion-Rich Tasks,2025,,downloaded_pdfs/11079980.pdf,461
11184520.pdf,LLM-Driven MDA Pipeline for Generating UML Class Diagrams and Code,2025,,downloaded_pdfs/11184520.pdf,462
11129062.pdf,Telematics in Insurance: Challenges and Limitations,2025,,downloaded_pdfs/11129062.pdf,463
11016702.pdf,Enhancing Keyword Search in Relational Databases With Word Embeddings,2025,,downloaded_pdfs/11016702.pdf,464
Minimum_Throughput_Maximization_for_Multi-UAV_Enabled_WPCN_A_Deep_Reinforcement_Learning_Method.pdf,Minimum Throughput Maximization for Multi-UAV Enabled WPCN: A Deep Reinforcement Learning Method,2019,,downloaded_pdfs/Minimum_Throughput_Maximization_for_Multi-UAV_Enabled_WPCN_A_Deep_Reinforcement_Learning_Method.pdf,465
Discrimination_and_Prediction_of_Traffic_Congestion_States_of_Urban_Road_Network_Based_on_Spatio-Temporal_Correlation.pdf,Discrimination and Prediction of Traffic Congestion States of Urban Road Network Based on Spatio-Temporal Correlation,2019,,downloaded_pdfs/Discrimination_and_Prediction_of_Traffic_Congestion_States_of_Urban_Road_Network_Based_on_Spatio-Temporal_Correlation.pdf,466
11016741.pdf,Operator as a Service: A New Concept for Remote Supervision of Automated Manufacturing Lines,2025,,downloaded_pdfs/11016741.pdf,467
11278606.pdf,A Cognitive BDI–BiLSTM Hybrid Framework for Interpretable Email Threat Detection,2025,,downloaded_pdfs/11278606.pdf,468
11008630.pdf,A Low Power Memory-Integrated Hardware BNN-MLP Model on an FPGA for Current Signals in a Biosensor,2025,,downloaded_pdfs/11008630.pdf,469
11278586.pdf,Program Anomalies Detection by Fuzzy Conceptual Learning From Correct Traces in a Bounded Domain,2025,,downloaded_pdfs/11278586.pdf,470
11267386.pdf,Automating Electrical Grid Asset Inspection: From Current Challenges to Future Directions,2025,,downloaded_pdfs/11267386.pdf,471
11303744.pdf,DeFaX: A Cross-Attention Fusion Framework for Robust and Explainable Deepfake Detection,2025,,downloaded_pdfs/11303744.pdf,472
11048929.pdf,Fatigue-PINN: Physics-Informed Fatigue-Driven Motion Modulation and Synthesis,2025,,downloaded_pdfs/11048929.pdf,473
10976726.pdf,Graph-Aware Multimodal Deep Learning for Classification of Diabetic Retinopathy Images,2025,,downloaded_pdfs/10976726.pdf,474
11131118.pdf,BAAIoV: A Blockchain-Based Authentication and Authorization Framework for Secure and Reliable Internet of Vehicles Communication,2025,,downloaded_pdfs/11131118.pdf,475
11168153.pdf,Enhanced Gated MLP-Based Lung Disease Classification Using Grey Wolf Optimized (GWO) Multi-Feature Extraction With,2025,,downloaded_pdfs/11168153.pdf,476
11142252.pdf,"An End to End Wearable Device and System for Indefinite, Continuous, Real Time Gesture Recognition of Directional and Shape-Based",2025,,downloaded_pdfs/11142252.pdf,477
11258623.pdf,"Detection of Multi-Stage Attacks Through Attack Pattern Segmentation SEONGHYEON GONG1, (Member, IEEE), JAKE CHO",2025,,downloaded_pdfs/11258623.pdf,478
11231404.pdf,Design of 5G Architecture Enhancements for Supporting Edge Split Computing Service Pipeline,2025,,downloaded_pdfs/11231404.pdf,479
10946168.pdf,Robust 3D Human Avatar Reconstruction From Monocular Videos Using Depth Optimization and Camera Pose Estimation,2025,,downloaded_pdfs/10946168.pdf,480
11005455.pdf,Cauchy-Lanczos Algorithm for Effective Dimension Reduction,2025,,downloaded_pdfs/11005455.pdf,481
Intrusion_Prevention_Framework_for_Secure_Routing_in_WSN-Based_Mobile_Internet_of_Things.pdf,Intrusion Prevention Framework for Secure Routing in WSN-Based Mobile Internet of Things,2019,,downloaded_pdfs/Intrusion_Prevention_Framework_for_Secure_Routing_in_WSN-Based_Mobile_Internet_of_Things.pdf,482
10975780.pdf,Density Peaks Clustering Algorithm Based on Neighborhood Radius and Membership Degree,2025,,downloaded_pdfs/10975780.pdf,483
11015488.pdf,Automatic Navigation and Self-Driving Technology in Agricultural Machinery: A State-of-the-Art Systematic Review,2025,,downloaded_pdfs/11015488.pdf,484
11030594.pdf,SAM-Guided Accurate Pulmonary Nodule Image Segmentation,2025,,downloaded_pdfs/11030594.pdf,485
11017661.pdf,Novel View Synthesis of Defocused Blur Scenes Based on Neural Radiance Fields,2025,,downloaded_pdfs/11017661.pdf,486
11086585.pdf,VIOLET: Vectorized Invariance Optimization for Language Embeddings Using Twins,2025,,downloaded_pdfs/11086585.pdf,487
11037751.pdf,Dynamic Updating the Three-Way Regions for the Optimal Rules,2025,,downloaded_pdfs/11037751.pdf,488
11240179.pdf,Developing a Robust Question and Answer System for the Turkish Language Utilizing Deep Learning Techniques,2025,,downloaded_pdfs/11240179.pdf,489
11202415.pdf,Transformer-Based DME Classification Using Retinal OCT Images Without Data Augmentation: An Evaluation of ViT-B16 and ViT-B32 With,2025,,downloaded_pdfs/11202415.pdf,490
11153409.pdf,Optimized Planning for Electric Vehicle Charging Stations: A Systematic Review,2025,,downloaded_pdfs/11153409.pdf,491
11195176.pdf,Market Microstructure Meets Deep Learning: Forecasting and Asset Allocation With PIN Signals,2025,,downloaded_pdfs/11195176.pdf,492
11131123.pdf,A Smart Fuzzy Risk Assessment System for Epidemic Prevention on Cruise Ships,2025,,downloaded_pdfs/11131123.pdf,493
11014059.pdf,The Effectiveness of Large Language Models in Transforming Unstructured Text to Standardized,2025,,downloaded_pdfs/11014059.pdf,494
A_Bandwidth-Aware_Video_Segments_Request_Strategy_to_Optimize_Users_QoE_in_Connected_Vehicle_Networks.pdf,A Bandwidth-Aware Video Segments Request Strategy to Optimize User’s QoE in Connected Vehicle Networks,2020,,downloaded_pdfs/A_Bandwidth-Aware_Video_Segments_Request_Strategy_to_Optimize_Users_QoE_in_Connected_Vehicle_Networks.pdf,495
11106429.pdf,Community Clustering and Recommendation Toward Elderly Health Records: Probabilistic Representation Learning and Large Graph Search,2025,,downloaded_pdfs/11106429.pdf,496
11175392.pdf,Evaluating Time-Series Deep Learning Models for Accurate and Efficient Reconstruction of Clinical 12-Lead ECG Signals,2025,,downloaded_pdfs/11175392.pdf,497
11236439.pdf,Knowledge Transfer-Enhanced Contrastive Learning for Long-Tailed User Recommendation,2025,,downloaded_pdfs/11236439.pdf,498
11027144.pdf,Inverse Design of Metamaterial Absorbers for Far-Infrared CMOS Detectors,2025,,downloaded_pdfs/11027144.pdf,499
